<application>
  <component name="DefaultFont">
    <option name="FONT_SIZE" value="14" />
    <option name="FONT_FAMILY" value="Hack" />
  </component>
  <component name="EditorSettings">
    <option name="SOFT_WRAP_FILE_MASKS" value="*.md; *.txt; *.rst; *.adoc" />
    <option name="IS_CAMEL_WORDS" value="true" />
    <option name="IS_WHEEL_FONTCHANGE_ENABLED" value="true" />
    <option name="IS_MOUSE_CLICK_SELECTION_HONORS_CAMEL_WORDS" value="false" />
    <option name="SHOW_NOTIFICATION_AFTER_REFORMAT_CODE_ACTION" value="false" />
    <option name="SHOW_NOTIFICATION_AFTER_OPTIMIZE_IMPORTS_ACTION" value="false" />
  </component>
</application>