<application>
  <component name="GeneralSettings">
    <option name="autoSaveIfInactive" value="true" />
    <option name="confirmExit" value="false" />
    <option name="confirmOpenNewProject2" value="1" />
    <option name="defaultProjectDirectory" value="$USER_HOME$/Repository" />
    <option name="inactiveTimeout" value="10" />
    <option name="processCloseConfirmation" value="DISCONNECT" />
  </component>
  <component name="Registry">
    <entry key="git.explicit.commit.renames.prohibit.multiple.calls" value="false" />
  </component>
</application>